Sr. No,Image,NumObjects_Original,NumObjects_WithoutCaptions
1,67915.png,2,3
2,52914.png,11,11
3,72605.png,0,1
4,29387.png,1,1
5,48932.png,2,2
6,94850.png,7,6
7,53640.png,1,1
8,65087.png,0,0
9,04853.png,4,8
10,24769.png,0,0
11,51032.png,11,12
12,47320.png,1,1
13,82743.png,1,3
14,35249.png,0,0
15,90158.png,3,3
16,06893.png,0,0
17,14569.png,1,1
18,13875.png,6,8
19,94615.png,2,2
20,90541.png,1,0
21,76938.png,0,0
22,74215.png,0,0
23,59048.png,0,0
24,94251.png,2,2
25,63097.png,0,0
26,71905.png,0,0
27,37265.png,1,0
28,84076.png,0,0
29,60239.png,0,0
30,61950.png,3,3
31,42615.png,1,0
32,38109.png,5,5
33,13542.png,0,0
34,57264.png,2,2
35,78231.png,1,2
36,53740.png,1,1
37,43586.png,0,0
38,02867.png,1,1
39,39821.png,2,2
40,78960.png,1,1
41,79805.png,0,0
42,90362.png,2,2
43,23765.png,3,3
44,70385.png,0,0
45,02367.png,12,9
46,05142.png,1,1
47,48039.png,0,0
48,71856.png,13,14
49,89541.png,0,0
50,98547.png,4,2
51,29617.png,2,2
52,68154.png,0,0
53,53908.png,2,2
54,92658.png,3,3
55,17230.png,5,3
56,60147.png,1,1
57,89675.png,8,8
58,17469.png,0,1
59,63814.png,1,1
60,78125.png,1,2
61,10576.png,3,3
62,75962.png,0,0
63,84516.png,1,1
64,20386.png,4,4
65,59642.png,0,0
66,39281.png,1,1
67,09382.png,2,2
68,20674.png,1,1
69,54092.png,1,1
70,25079.png,0,0
71,69127.png,2,2
72,31624.png,1,1
73,94738.png,2,1
74,15349.png,0,0
75,59238.png,2,2
76,05819.png,1,1
77,31702.png,1,1
78,42653.png,1,2
79,45610.png,7,6
80,87140.png,0,0
81,02946.png,1,1
82,08234.png,9,6
83,30692.png,0,0
84,52746.png,0,0
85,65439.png,0,0
86,32507.png,1,0
87,65817.png,0,0
88,50961.png,0,0
89,47128.png,1,1
90,19730.png,1,1
91,38574.png,2,1
92,80297.png,6,6
93,87296.png,0,1
94,67831.png,0,0
95,76942.png,4,4
96,09785.png,2,2
97,85730.png,0,1
98,83095.png,2,2
99,27058.png,0,0
100,83264.png,2,2
101,34068.png,2,2
102,60739.png,1,1
103,47215.png,2,2
104,52069.png,0,0
105,67498.png,5,4
106,79084.png,0,0
107,61580.png,8,7
108,24815.png,0,0
109,82651.png,1,1
110,95317.png,4,5
111,74910.png,0,0
112,26407.png,4,4
113,62598.png,2,2
114,62081.png,1,0
115,79853.png,2,2
116,95843.png,6,6
117,85293.png,1,1
118,50619.png,0,0
119,53827.png,2,2
120,97012.png,1,1
121,81962.png,2,1
122,37259.png,0,0
123,59627.png,0,0
124,41072.png,0,0
125,24517.png,1,1
126,02973.png,0,0
127,02194.png,9,9
128,98326.png,0,0
129,80915.png,2,2
130,92637.png,1,1
131,20413.png,1,1
132,85426.png,1,0
133,25634.png,0,0
134,86253.png,0,0
135,52801.png,0,0
136,05928.png,1,0
137,70264.png,2,0
138,21948.png,1,1
139,59143.png,1,1
140,17892.png,1,1
141,82539.png,5,5
142,18790.png,2,3
143,89430.png,3,3
144,96253.png,0,0
145,89375.png,0,0
146,52871.png,0,1
147,38790.png,0,0
148,13276.png,4,6
149,37295.png,0,0
150,25791.png,17,18
151,86051.png,2,2
152,23597.png,0,0
153,49351.png,0,0
154,13587.png,2,2
155,08419.png,9,9
156,21986.png,0,0
157,34609.png,1,1
158,35079.png,0,1
159,61274.png,2,2
160,06582.png,0,0
161,51869.png,4,3
162,16807.png,0,0
163,30918.png,1,0
164,96573.png,1,0
165,84291.png,1,1
166,69743.png,1,1
167,37690.png,0,0
168,45780.png,4,4
169,46093.png,10,10
170,90748.png,0,0
171,25369.png,3,2
172,46907.png,0,3
173,06927.png,1,1
174,07351.png,0,0
175,21405.png,1,1
176,80321.png,1,1
177,08516.png,2,1
178,19284.png,2,2
179,14652.png,0,0
180,61379.png,1,0
181,12507.png,0,0
182,23187.png,2,2
183,39018.png,3,3
184,58327.png,0,0
185,94163.png,1,1
186,07259.png,0,2
187,50167.png,1,1
188,53249.png,2,1
189,38159.png,0,0
190,27491.png,1,1
191,17845.png,0,0
192,21043.png,2,2
193,02789.png,1,1
194,94071.png,1,2
195,13748.png,1,1
196,80965.png,1,1
197,81953.png,1,1
198,62814.png,1,0
199,76341.png,1,1
200,97026.png,0,0
201,09715.png,0,0
202,49372.png,5,5
203,07391.png,9,10
204,15728.png,1,1
205,71092.png,3,3
206,38290.png,1,2
207,14296.png,1,1
208,87625.png,2,2
209,34258.png,0,0
210,63490.png,1,0
211,30579.png,1,1
212,09827.png,1,0
213,41903.png,0,0
214,06831.png,1,1
215,42967.png,0,0
216,90637.png,1,0
217,82509.png,0,1
218,21547.png,0,0
219,38217.png,1,0
220,81679.png,5,5
221,40297.png,0,0
222,32746.png,2,2
223,69134.png,3,3
224,21435.png,2,2
225,21740.png,0,0
226,85136.png,1,1
227,57849.png,0,0
228,19047.png,2,2
229,23817.png,0,0
230,63052.png,1,1
231,45208.png,0,1
232,49806.png,10,10
233,80241.png,0,0
234,81254.png,2,2
235,90726.png,0,0
236,36470.png,13,11
237,46127.png,1,1
238,02165.png,2,2
239,58012.png,1,1
240,73652.png,2,2
241,13579.png,4,4
242,70193.png,1,1
243,09738.png,0,0
244,94876.png,1,1
245,46793.png,1,0
246,79302.png,2,1
247,26813.png,0,2
248,37128.png,4,3
249,29150.png,1,1
250,96583.png,0,0
251,54397.png,0,0
252,98506.png,0,0
253,79615.png,1,1
254,12453.png,0,0
255,13465.png,4,4
256,06198.png,0,0
257,46925.png,1,1
258,18647.png,0,0
259,65320.png,3,3
260,97058.png,0,0
261,76951.png,0,0
262,37904.png,0,0
263,06892.png,0,0
264,40315.png,0,2
265,62381.png,1,1
266,18275.png,1,1
267,93728.png,3,2
268,96104.png,3,2
269,27341.png,2,3
270,60254.png,2,2
271,73104.png,0,0
272,28147.png,1,1
273,54170.png,4,3
274,37615.png,0,0
275,12039.png,0,0
276,09152.png,1,1
277,90345.png,0,0
278,25416.png,0,0
279,54920.png,0,1
280,39527.png,0,0
281,29475.png,1,1
282,21083.png,2,2
283,68930.png,0,0
284,31764.png,0,2
285,62354.png,2,2
286,16470.png,4,3
287,58063.png,1,1
288,43798.png,1,1
289,37548.png,8,6
290,13492.png,2,2
291,64297.png,0,0
292,87954.png,1,1
293,14685.png,2,2
294,81642.png,1,2
295,18937.png,0,0
296,34059.png,2,2
297,25381.png,1,1
298,21387.png,6,7
299,70235.png,0,0
300,05129.png,0,0
301,51089.png,6,6
302,13894.png,2,2
303,89241.png,1,1
304,46387.png,1,1
305,89043.png,0,0
306,26405.png,2,2
307,05218.png,0,0
308,50768.png,1,2
309,46085.png,4,4
310,09216.png,2,3
311,29357.png,0,0
312,42380.png,6,6
313,85042.png,4,4
314,90283.png,2,1
315,25943.png,1,1
316,32587.png,1,0
317,93410.png,2,2
318,30175.png,4,4
319,05498.png,1,1
320,65149.png,2,1
321,02943.png,0,0
322,47918.png,5,5
323,21047.png,0,1
324,09174.png,1,1
325,58672.png,10,10
326,78304.png,0,0
327,80463.png,1,1
328,16598.png,1,0
329,36789.png,2,2
330,84052.png,1,1
331,60182.png,4,4
332,84653.png,1,1
333,48160.png,2,2
334,42015.png,1,1
335,46918.png,4,5
336,95386.png,2,2
337,25837.png,2,1
338,12407.png,0,0
339,93187.png,0,0
340,86425.png,2,2
341,46807.png,5,4
342,63207.png,2,4
343,68951.png,0,0
344,53679.png,0,1
345,48251.png,1,1
346,42103.png,1,2
347,40718.png,3,2
348,48356.png,0,0
349,07649.png,0,0
350,26781.png,1,1
351,56714.png,1,1
352,74038.png,1,1
353,97201.png,1,1
354,06153.png,0,0
355,31695.png,6,7
356,16947.png,7,7
357,32709.png,2,2
358,93761.png,1,1
359,08912.png,0,0
360,04632.png,1,2
361,57284.png,1,1
362,39452.png,1,1
363,18562.png,0,0
364,64327.png,13,7
365,26573.png,2,2
366,68491.png,1,1
367,38641.png,0,0
368,41678.png,9,9
369,31876.png,3,2
370,01527.png,1,1
371,98350.png,1,1
372,36408.png,0,0
373,16837.png,0,0
374,91683.png,1,1
375,05824.png,0,0
376,38072.png,1,1
377,67082.png,3,3
378,86024.png,0,0
379,93425.png,1,0
380,52680.png,0,0
381,21853.png,1,1
382,47280.png,0,0
383,38714.png,0,0
384,94786.png,1,1
385,64127.png,5,6
386,05239.png,4,5
387,36079.png,2,2
388,24380.png,2,2
389,29581.png,3,1
390,61408.png,1,0
391,82947.png,2,2
392,15638.png,1,1
393,54301.png,1,1
394,43905.png,0,1
395,45029.png,1,1
396,13248.png,1,1
397,18674.png,1,0
398,36581.png,0,0
399,83125.png,0,0
400,48170.png,0,0
401,21439.png,2,0
402,10756.png,0,0
403,76524.png,0,0
404,07582.png,0,0
405,68527.png,2,2
406,38057.png,0,0
407,31987.png,0,0
408,20568.png,5,4
409,40621.png,0,1
410,81205.png,0,0
411,63957.png,1,1
412,93185.png,1,1
413,71503.png,1,0
414,14976.png,0,0
415,93758.png,1,0
416,65071.png,0,0
417,09375.png,2,2
418,76548.png,2,2
419,48173.png,6,6
420,98374.png,2,3
421,20143.png,1,1
422,92418.png,0,0
423,81064.png,0,0
424,51972.png,1,1
425,47913.png,4,3
426,32896.png,0,0
427,75926.png,1,1
428,97826.png,0,0
429,39012.png,0,0
430,60917.png,1,1
431,76490.png,2,2
432,58196.png,0,0
433,89437.png,1,2
434,64758.png,3,3
435,87126.png,3,3
436,36254.png,1,0
437,46375.png,1,2
438,21943.png,1,1
439,20187.png,0,0
440,26184.png,1,0
441,75943.png,1,1
442,58412.png,8,7
443,36954.png,1,1
444,24083.png,7,7
445,95863.png,1,1
446,36974.png,0,0
447,76521.png,4,4
448,16029.png,0,0
449,10264.png,0,0
450,43095.png,10,11
451,51670.png,1,1
452,85749.png,3,3
453,07352.png,1,1
454,37658.png,2,1
455,41527.png,0,0
456,85192.png,1,0
457,64532.png,5,0
458,85420.png,0,0
459,97831.png,1,0
460,49153.png,6,6
461,92354.png,1,1
462,31280.png,2,3
463,74901.png,1,1
464,59836.png,1,0
465,02317.png,0,0
466,40752.png,7,10
467,62705.png,0,0
468,20381.png,10,10
469,71649.png,0,0
470,35490.png,0,0
471,75138.png,0,0
472,24738.png,1,1
473,87130.png,2,2
474,47159.png,1,2
475,87429.png,0,0
476,43089.png,1,1
477,35701.png,0,0
478,79425.png,2,1
479,42598.png,0,0
480,82076.png,0,0
481,74813.png,0,0
482,71529.png,1,1
483,30192.png,0,0
484,56291.png,0,1
485,98134.png,0,1
486,40375.png,0,0
487,89732.png,1,1
488,38907.png,0,0
489,52140.png,2,2
490,19430.png,0,0
491,25093.png,0,0
492,91348.png,1,0
493,41027.png,1,1
494,57823.png,1,1
495,23197.png,1,1
496,43180.png,2,1
497,43265.png,1,0
498,76045.png,1,1
499,52394.png,1,6
500,67041.png,1,0
501,18462.png,0,1
502,05316.png,0,0
503,16745.png,0,0
504,04126.png,1,1
505,82510.png,1,1
506,19352.png,0,0
507,70153.png,7,6
508,24781.png,1,1
509,69815.png,1,1
510,58497.png,1,1
511,39421.png,0,0
512,52970.png,1,1
513,50962.png,4,4
514,62781.png,0,0
515,72456.png,0,0
516,50162.png,0,0
517,39185.png,0,1
518,97842.png,0,0
519,68519.png,3,3
520,04783.png,7,7
521,02538.png,0,0
522,62017.png,0,0
523,81296.png,0,0
524,97053.png,0,0
525,69174.png,1,2
526,05421.png,1,1
527,97245.png,1,1
528,17934.png,1,2
529,01325.png,1,2
530,57093.png,1,1
531,20876.png,0,0
532,53270.png,0,0
533,76495.png,0,0
534,84059.png,1,1
535,58642.png,0,1
536,13842.png,1,0
537,19705.png,1,1
538,02719.png,0,1
539,45176.png,1,1
540,85371.png,0,0
541,98561.png,3,2
542,09634.png,5,5
543,57043.png,1,0
544,13540.png,1,1
545,92845.png,7,7
546,76142.png,1,1
547,23908.png,5,3
548,43201.png,0,1
549,18067.png,8,8
550,15907.png,3,3
551,60785.png,4,4
552,95608.png,3,3
553,17062.png,0,0
554,29376.png,5,5
555,27506.png,0,0
556,06125.png,1,0
557,07853.png,1,1
558,41086.png,0,0
559,15798.png,0,0
560,49261.png,1,1
561,47098.png,1,2
562,08462.png,1,0
563,17539.png,0,0
564,57918.png,1,1
565,26437.png,0,0
566,68579.png,3,4
567,06154.png,1,1
568,37864.png,5,5
569,53140.png,2,1
570,42983.png,0,1
571,75609.png,2,2
572,56872.png,0,0
573,56841.png,0,0
574,82591.png,8,10
575,92478.png,2,2
576,26034.png,3,3
577,06345.png,1,0
578,61485.png,0,0
579,28579.png,1,1
580,15726.png,1,0
581,97638.png,3,3
582,76534.png,4,4
583,14823.png,1,2
584,86701.png,5,5
585,86514.png,0,0
586,71403.png,1,1
587,60249.png,0,0
588,72450.png,0,0
589,34698.png,0,0
590,13906.png,6,5
591,35287.png,0,0
592,94586.png,4,6
593,21064.png,1,0
594,64157.png,0,0
595,09516.png,1,0
596,16749.png,0,0
597,74209.png,1,1
598,98276.png,4,4
599,75021.png,4,6
600,96370.png,1,0
601,09823.png,0,0
602,45987.png,1,1
603,17642.png,0,0
604,71628.png,3,3
605,42567.png,0,0
606,19540.png,0,0
607,48973.png,2,2
608,14239.png,0,0
609,21403.png,2,2
610,61578.png,0,1
611,90481.png,0,0
612,64957.png,4,4
613,37419.png,1,1
614,14028.png,3,2
615,37941.png,0,0
616,20183.png,0,0
617,26731.png,0,0
618,93405.png,1,1
619,09682.png,7,6
620,58176.png,1,0
621,10345.png,2,1
622,24360.png,1,1
623,62018.png,1,1
624,47581.png,1,1
625,62301.png,5,1
626,35104.png,1,1
627,62175.png,3,2
628,13702.png,2,2
629,93521.png,1,1
630,84325.png,4,3
631,41605.png,1,1
632,62158.png,0,0
633,32150.png,1,1
634,59034.png,0,1
635,06847.png,0,0
636,69273.png,0,1
637,74380.png,6,6
638,95371.png,3,2
639,06319.png,1,1
640,75601.png,1,0
641,28541.png,4,4
642,71963.png,8,7
643,86025.png,0,0
644,97651.png,0,0
645,30185.png,1,1
646,07438.png,2,2
647,31427.png,1,2
648,62097.png,5,4
649,69750.png,0,0
650,67594.png,3,3
651,61932.png,0,1
652,51928.png,1,2
653,02974.png,0,0
654,60532.png,2,1
655,16785.png,1,1
656,95321.png,1,1
657,90185.png,1,1
658,31295.png,3,3
659,28497.png,1,1
660,72914.png,0,0
661,61304.png,3,3
662,63140.png,2,2
663,37948.png,3,5
664,91027.png,2,2
665,67130.png,1,1
666,43521.png,1,1
667,46971.png,5,4
668,48295.png,0,0
669,98513.png,2,2
670,86912.png,2,1
671,96810.png,0,0
672,12960.png,0,0
673,67259.png,0,0
674,91372.png,2,1
675,95024.png,0,0
676,91345.png,0,0
677,91365.png,2,2
678,05841.png,2,1
679,68401.png,0,0
680,34586.png,0,0
681,85139.png,1,1
682,04869.png,0,0
683,73056.png,0,0
684,04372.png,0,0
685,07238.png,0,0
686,80971.png,0,0
687,47263.png,1,1
688,20869.png,1,1
689,90186.png,0,0
690,52401.png,0,0
691,07496.png,1,1
692,73254.png,0,0
693,28659.png,7,6
694,64571.png,0,1
695,40832.png,1,1
696,79614.png,0,0
697,90761.png,2,2
698,86453.png,1,1
699,36415.png,0,1
700,82316.png,2,5
701,05437.png,0,0
702,56082.png,0,0
703,58204.png,1,1
704,01529.png,1,1
705,21038.png,8,8
706,60487.png,0,0
707,06731.png,1,1
708,53089.png,1,2
709,79128.png,2,2
710,96172.png,2,1
711,20396.png,3,3
712,34509.png,0,0
713,56104.png,3,4
714,64329.png,0,0
715,52904.png,1,0
716,95201.png,0,0
717,78921.png,1,1
718,79854.png,0,0
719,91072.png,1,3
720,09657.png,4,7
721,94305.png,1,1
722,70189.png,1,1
723,30128.png,0,0
724,93512.png,1,0
725,46357.png,0,0
726,41720.png,0,0
727,23690.png,0,0
728,96145.png,4,3
729,20619.png,0,0
730,94617.png,0,0
731,81026.png,9,9
732,57243.png,0,0
733,13096.png,4,3
734,14329.png,2,2
735,52078.png,0,1
736,43780.png,4,5
737,95062.png,0,0
738,45912.png,0,0
739,94813.png,3,3
740,86209.png,1,1
741,20371.png,0,0
742,64780.png,1,1
743,83061.png,1,0
744,05728.png,0,0
745,16248.png,1,1
746,71309.png,0,0
747,31892.png,4,4
748,67582.png,0,0
749,02937.png,1,1
750,92705.png,0,0
751,79285.png,3,3
752,29607.png,0,0
753,70643.png,0,0
754,64283.png,0,0
755,36892.png,1,1
756,32806.png,2,3
757,03876.png,5,5
758,24853.png,1,1
759,06832.png,5,4
760,51037.png,2,1
761,30174.png,0,1
762,26481.png,0,0
763,57109.png,1,2
764,73140.png,2,0
765,78541.png,2,1
766,86917.png,1,1
767,17589.png,9,8
768,81295.png,2,2
769,94687.png,0,0
770,36870.png,0,0
771,81206.png,1,1
772,28704.png,0,1
773,20379.png,5,5
774,25103.png,1,0
775,95078.png,2,2
776,42693.png,0,1
777,61802.png,2,2
778,50731.png,4,10
779,42189.png,15,14
780,80254.png,3,3
781,37482.png,0,0
782,03298.png,3,4
783,01642.png,1,0
784,08563.png,5,4
785,78031.png,0,0
786,78945.png,2,1
787,89571.png,2,3
788,76519.png,6,6
789,62019.png,1,1
790,53694.png,2,4
791,17623.png,3,3
792,14236.png,1,1
793,98504.png,1,5
794,16058.png,0,0
795,30914.png,1,1
796,31284.png,3,3
797,13852.png,1,1
798,50482.png,1,1
799,54270.png,1,1
800,13624.png,0,0
801,74658.png,0,1
802,36120.png,3,3
803,15290.png,1,0
804,25481.png,0,1
805,31270.png,1,1
806,80154.png,1,2
807,10278.png,0,0
808,97506.png,0,0
809,83096.png,1,0
810,87541.png,0,1
811,50643.png,7,7
812,91827.png,1,0
813,24980.png,1,1
814,34756.png,1,2
815,90235.png,2,2
816,83401.png,0,0
817,41869.png,0,0
818,96824.png,2,2
819,53609.png,1,1
820,39857.png,0,0
821,35460.png,1,1
822,71046.png,0,2
823,06793.png,0,0
824,15236.png,0,1
825,84057.png,3,4
826,08175.png,2,2
827,65204.png,4,3
828,70534.png,4,3
829,94532.png,2,2
830,59604.png,0,0
831,68270.png,1,2
832,34897.png,0,0
833,63845.png,1,2
834,89762.png,1,1
835,96241.png,7,7
836,03179.png,1,1
837,20978.png,5,5
838,73125.png,6,3
839,41379.png,2,2
840,51094.png,2,0
841,52978.png,2,2
842,38245.png,3,2
843,27468.png,4,4
844,89740.png,9,7
845,26983.png,1,1
846,94861.png,2,2
847,14086.png,2,4
848,68721.png,0,0
849,48920.png,1,1
850,72305.png,0,0
851,84265.png,3,4
852,69087.png,0,0
853,86215.png,1,0
854,96845.png,1,2
855,67859.png,0,0
856,18953.png,2,2
857,45180.png,1,1
858,02845.png,0,0
859,26374.png,2,2
860,18469.png,1,1
861,73681.png,1,1
862,03927.png,3,5
863,07354.png,1,1
864,71653.png,2,2
865,96180.png,2,3
866,26417.png,0,0
867,13724.png,0,0
868,71502.png,1,4
869,25714.png,0,0
870,74308.png,4,4
871,24607.png,2,2
872,51460.png,1,1
873,68042.png,0,0
874,64312.png,1,1
875,95872.png,1,1
876,25768.png,0,1
877,29708.png,1,0
878,05719.png,0,0
879,25681.png,0,0
880,07628.png,1,1
881,28374.png,7,6
882,27519.png,0,0
883,17963.png,0,0
884,04719.png,1,1
885,41309.png,0,0
886,28463.png,4,4
887,54209.png,3,4
888,51389.png,1,1
889,73180.png,2,0
890,25687.png,0,0
891,87592.png,0,0
892,57421.png,4,4
893,51962.png,0,1
894,71294.png,7,8
895,61840.png,7,7
896,72854.png,1,0
897,29187.png,1,1
898,31852.png,1,1
899,04728.png,1,1
900,95203.png,1,2
901,96432.png,3,5
902,40857.png,1,1
903,03692.png,11,11
904,29437.png,5,5
905,21973.png,0,0
906,13568.png,2,2
907,21753.png,1,1
908,82190.png,1,1
909,03524.png,6,5
910,49701.png,2,2
911,48316.png,2,1
912,97852.png,1,1
913,78263.png,2,2
914,48617.png,3,3
915,10653.png,1,1
916,43078.png,0,0
917,30427.png,3,5
918,28134.png,12,12
919,84169.png,0,0
920,34857.png,2,0
921,36524.png,2,3
922,21659.png,0,0
923,28561.png,3,3
924,86914.png,2,2
925,62941.png,1,1
926,86593.png,1,1
927,09215.png,1,2
928,36158.png,0,0
929,43527.png,0,0
930,35719.png,1,1
931,34510.png,1,1
932,56489.png,0,0
933,37498.png,1,0
934,26538.png,3,3
935,74362.png,4,4
936,29785.png,1,1
937,10423.png,0,1
938,47903.png,0,0
939,53764.png,0,0
940,50428.png,0,0
941,03691.png,7,7
942,02718.png,0,0
943,31948.png,2,2
944,23806.png,0,0
945,36194.png,0,0
946,74198.png,0,0
947,39658.png,0,0
948,98256.png,1,1
949,04791.png,4,4
950,01468.png,2,2
951,82609.png,0,0
952,15392.png,7,5
953,17538.png,0,0
954,71602.png,1,1
955,64059.png,1,3
956,15306.png,0,0
957,01452.png,0,0
958,76019.png,0,0
959,30246.png,2,1
960,79426.png,2,1
961,93127.png,1,1
962,31072.png,3,3
963,76429.png,1,1
964,25097.png,1,1
965,97210.png,0,3
966,92187.png,3,3
967,08369.png,1,1
968,30961.png,1,1
969,40965.png,5,4
970,81436.png,1,1
971,86293.png,0,0
972,90842.png,3,2
973,82195.png,1,1
974,05793.png,3,3
975,37854.png,1,1
976,68159.png,2,2
977,63492.png,0,0
978,68431.png,1,2
979,69013.png,0,1
980,03981.png,2,2
981,94065.png,1,1
982,28173.png,2,2
983,83954.png,0,0
984,75940.png,0,0
985,58210.png,1,1
986,56241.png,7,10
987,01359.png,2,1
988,46928.png,7,7
989,24931.png,3,2
990,17596.png,1,2
991,01487.png,0,0
992,72019.png,0,0
993,74923.png,6,5
994,04387.png,3,4
995,15926.png,1,1
996,24783.png,2,2
997,17208.png,5,4
998,48605.png,0,1
999,30546.png,2,2
1000,87065.png,2,3
1001,30576.png,0,0
1002,01284.png,1,1
1003,58916.png,1,2
1004,52870.png,1,2
1005,34521.png,2,1
1006,35219.png,0,0
1007,39817.png,2,2
1008,68253.png,0,0
1009,46095.png,1,1
1010,07931.png,2,3
1011,23841.png,1,1
1012,78021.png,6,6
1013,51608.png,4,4
1014,17534.png,2,2
1015,34218.png,1,0
1016,87539.png,0,0
1017,18254.png,1,1
1018,18960.png,3,4
1019,58349.png,1,1
1020,89275.png,0,0
1021,83709.png,0,0
1022,49703.png,1,0
1023,72968.png,4,4
1024,28403.png,1,1
1025,58361.png,2,2
1026,80943.png,1,1
1027,32980.png,0,1
1028,72598.png,5,4
1029,84750.png,0,0
1030,76598.png,1,1
1031,41986.png,1,2
1032,63712.png,1,1
1033,01738.png,0,0
1034,04769.png,1,1
1035,74310.png,1,1
1036,10843.png,2,2
1037,10395.png,1,1
1038,02983.png,0,0
1039,05672.png,0,0
1040,01834.png,2,1
1041,96054.png,1,0
1042,85314.png,5,6
1043,32149.png,0,0
1044,30248.png,1,5
1045,24857.png,0,0
1046,70169.png,2,2
1047,47680.png,0,1
1048,48270.png,0,0
1049,81207.png,1,1
1050,09124.png,1,1
1051,80714.png,3,2
1052,85796.png,0,1
1053,73501.png,1,0
1054,75381.png,2,1
1055,31479.png,1,0
1056,09786.png,3,3
1057,72390.png,0,0
1058,97453.png,1,1
1059,41523.png,1,1
1060,69732.png,2,2
1061,74906.png,4,4
1062,46231.png,7,7
1063,46295.png,0,0
1064,79150.png,0,0
1065,73619.png,1,1
1066,24356.png,2,2
1067,16275.png,2,1
1068,52641.png,1,1
1069,80193.png,1,1
1070,25138.png,0,0
1071,90846.png,0,1
1072,20715.png,3,3
1073,19470.png,2,2
1074,32867.png,0,0
1075,81423.png,5,3
1076,84609.png,1,1
1077,02456.png,0,0
1078,73406.png,0,1
1079,07692.png,3,3
1080,34206.png,2,2
1081,91856.png,0,0
1082,34508.png,0,0
1083,84036.png,1,1
1084,42185.png,1,1
1085,12089.png,1,1
1086,24576.png,2,2
1087,45730.png,0,0
1088,17308.png,0,0
1089,79451.png,1,1
1090,39815.png,0,0
1091,59613.png,1,1
1092,64318.png,0,0
1093,30481.png,2,2
1094,34825.png,0,0
1095,68391.png,0,0
1096,10967.png,1,1
1097,51890.png,3,3
1098,79584.png,3,4
1099,16923.png,2,1
1100,96184.png,1,1
1101,68745.png,0,0
1102,39867.png,1,1
1103,04295.png,0,0
1104,13098.png,1,1
1105,05439.png,1,1
1106,83927.png,2,1
1107,29067.png,6,6
1108,21869.png,1,1
1109,47203.png,1,1
1110,48195.png,0,0
1111,91483.png,1,1
1112,75183.png,1,2
1113,20567.png,1,0
1114,13520.png,1,1
1115,51387.png,2,2
1116,70628.png,2,0
1117,53469.png,1,1
1118,74968.png,0,0
1119,06749.png,3,3
1120,43192.png,1,1
1121,65714.png,2,1
1122,27410.png,1,1
1123,61258.png,0,0
1124,91847.png,2,2
1125,31267.png,1,0
1126,73205.png,1,0
1127,01734.png,0,0
1128,72893.png,3,2
1129,56189.png,0,0
1130,58124.png,0,0
1131,38704.png,1,1
1132,81079.png,1,1
1133,10476.png,1,1
1134,72415.png,1,1
1135,32897.png,0,0
1136,12967.png,5,5
1137,90175.png,1,1
1138,96183.png,0,0
1139,24806.png,0,1
1140,23106.png,3,4
1141,15270.png,1,1
1142,18362.png,5,6
1143,79612.png,0,0
1144,34620.png,1,1
1145,27304.png,0,0
1146,38165.png,2,3
1147,79140.png,1,2
1148,87251.png,1,2
1149,02697.png,2,2
1150,56183.png,0,0
1151,09213.png,1,1
1152,46730.png,4,4
1153,10564.png,2,2
1154,02768.png,1,0
1155,07198.png,1,0
1156,07164.png,0,0
1157,34970.png,4,5
1158,38712.png,0,0
1159,10946.png,0,0
1160,53714.png,0,1
1161,12576.png,0,0
1162,70456.png,7,3
1163,56482.png,0,0
1164,52187.png,3,3
1165,46802.png,0,0
1166,32809.png,1,2
1167,18564.png,3,3
1168,64027.png,2,2
1169,51783.png,1,1
1170,67015.png,2,2
1171,50427.png,2,2
1172,10325.png,1,1
1173,42381.png,5,7
1174,09461.png,0,0
1175,72364.png,2,2
1176,25643.png,3,1
1177,54276.png,0,0
1178,96508.png,2,2
1179,40397.png,6,5
1180,72459.png,0,0
1181,40653.png,2,2
1182,34186.png,0,2
1183,13426.png,0,2
1184,48357.png,0,0
1185,78409.png,5,4
1186,81549.png,1,0
1187,67284.png,2,2
1188,92547.png,1,0
1189,61502.png,2,4
1190,76094.png,2,2
1191,27608.png,0,1
1192,34216.png,2,1
1193,80914.png,0,0
1194,87246.png,0,1
1195,97853.png,0,0
1196,69137.png,1,1
1197,30841.png,0,0
1198,71380.png,0,0
1199,26057.png,1,0
1200,04859.png,1,0
1201,19205.png,1,1
1202,68594.png,1,1
1203,49280.png,2,3
1204,54912.png,0,0
1205,71840.png,3,3
1206,04563.png,4,3
1207,83152.png,0,0
1208,98624.png,0,0
1209,36107.png,2,2
1210,76398.png,10,10
1211,17652.png,3,3
1212,82379.png,1,1
1213,07659.png,0,0
1214,19547.png,1,1
1215,95403.png,0,0
1216,85096.png,0,0
1217,19526.png,1,1
1218,46109.png,4,4
1219,54983.png,0,0
1220,87412.png,1,2
1221,90654.png,0,1
1222,57249.png,1,0
1223,32795.png,10,9
1224,92837.png,1,1
1225,04675.png,2,2
1226,61425.png,1,1
1227,56178.png,0,0
1228,24357.png,0,1
1229,38047.png,4,4
1230,46201.png,1,0
1231,97021.png,1,0
1232,08695.png,13,13
1233,92067.png,0,0
1234,12647.png,2,2
1235,04958.png,0,0
1236,73059.png,0,0
1237,21674.png,0,0
1238,59714.png,5,5
1239,03789.png,2,2
1240,16954.png,1,1
1241,61382.png,0,0
1242,46302.png,1,1
1243,57463.png,1,1
1244,36029.png,0,0
1245,28639.png,0,0
1246,83570.png,0,0
1247,62784.png,2,1
1248,39870.png,0,1
1249,07893.png,0,0
1250,26497.png,1,1
1251,08571.png,1,1
1252,92608.png,1,0
1253,61754.png,0,0
1254,47259.png,2,1
1255,18529.png,1,1
1256,23408.png,2,2
1257,74396.png,1,2
1258,63418.png,0,0
1259,65803.png,2,3
1260,49385.png,0,0
1261,10782.png,0,0
1262,03256.png,1,1
1263,80539.png,0,0
1264,70294.png,0,1
1265,82903.png,1,2
1266,27016.png,1,0
1267,62038.png,4,4
1268,54610.png,0,0
1269,64015.png,0,0
1270,24810.png,1,1
1271,80629.png,1,1
1272,42503.png,0,0
1273,45371.png,1,1
1274,09467.png,1,1
1275,14283.png,0,0
1276,03675.png,1,2
1277,31786.png,0,0
1278,91845.png,2,2
1279,87610.png,1,1
1280,93602.png,0,0
1281,94803.png,4,7
1282,58326.png,1,1
1283,94518.png,5,6
1284,36058.png,2,2
1285,84179.png,2,2
1286,71305.png,0,0
1287,57831.png,0,0
1288,06875.png,0,1
1289,79348.png,0,0
1290,60158.png,1,1
1291,40627.png,1,1
1292,12769.png,9,9
1293,24165.png,7,8
1294,12957.png,0,0
1295,59214.png,0,2
1296,96820.png,4,4
1297,97062.png,2,3
1298,79062.png,0,0
1299,72819.png,8,7
1300,26987.png,1,1
1301,29073.png,4,4
1302,93128.png,0,1
1303,26910.png,4,7
1304,45368.png,0,0
1305,61028.png,0,0
1306,61825.png,3,2
1307,48315.png,2,3
1308,27563.png,2,1
1309,18023.png,0,0
1310,20195.png,1,0
1311,95214.png,1,2
1312,98075.png,1,1
1313,89574.png,1,1
1314,02917.png,0,0
1315,18593.png,13,14
1316,61953.png,0,0
1317,98517.png,9,7
1318,04187.png,5,3
1319,39478.png,2,1
1320,72604.png,0,0
1321,64138.png,1,0
1322,72839.png,0,0
1323,72146.png,2,1
1324,15809.png,1,1
1325,85329.png,1,1
1326,20541.png,1,1
1327,67325.png,2,2
1328,94358.png,0,1
1329,31709.png,1,1
1330,63921.png,8,8
1331,48509.png,1,1
1332,56739.png,0,1
1333,71530.png,1,0
1334,75182.png,0,0
1335,02647.png,0,0
1336,27958.png,2,7
1337,46058.png,0,1
1338,54317.png,0,1
1339,86750.png,4,4
1340,87563.png,2,2
1341,45031.png,3,3
1342,28504.png,1,1
1343,35097.png,8,9
1344,80513.png,0,0
1345,32416.png,1,1
1346,15743.png,1,0
1347,35729.png,1,0
1348,73546.png,1,2
1349,04583.png,2,1
1350,42315.png,1,2
1351,38794.png,3,2
1352,31647.png,0,1
1353,42605.png,0,0
1354,06914.png,0,0
1355,97543.png,8,8
1356,49607.png,1,1
1357,02987.png,6,6
1358,13602.png,0,0
1359,50984.png,3,3
1360,42170.png,0,0
1361,75482.png,2,1
1362,80924.png,0,0
1363,29364.png,6,6
1364,93268.png,0,0
1365,71038.png,1,2
1366,89567.png,1,1
1367,27309.png,2,2
1368,05813.png,0,0
1369,68715.png,0,0
1370,83052.png,0,0
1371,79861.png,0,1
1372,69528.png,0,0
1373,61480.png,2,1
1374,90278.png,1,1
1375,89517.png,9,9
1376,67823.png,0,0
1377,02634.png,1,1
1378,87654.png,4,3
1379,16039.png,1,1
1380,60598.png,5,6
1381,64051.png,0,0
1382,61423.png,1,1
1383,57084.png,2,2
1384,97160.png,1,1
1385,09825.png,7,7
1386,37542.png,0,0
1387,13749.png,2,2
1388,08567.png,1,1
1389,81972.png,1,1
1390,18679.png,2,2
1391,03976.png,9,9
1392,78465.png,1,0
1393,80172.png,0,0
1394,43216.png,10,10
1395,13745.png,2,1
1396,63251.png,0,0
1397,05376.png,0,0
1398,85621.png,1,2
1399,87413.png,1,1
1400,40512.png,0,0
1401,61479.png,0,0
1402,19427.png,0,0
1403,10938.png,0,0
1404,04637.png,1,1
1405,18926.png,1,1
1406,28319.png,1,1
1407,62418.png,1,1
1408,87023.png,0,2
1409,67520.png,0,0
1410,05489.png,10,10
1411,10528.png,1,0
1412,34876.png,0,0
1413,36481.png,0,0
1414,27835.png,0,0
1415,60981.png,1,1
1416,14965.png,1,1
1417,54083.png,0,1
1418,17532.png,0,0
1419,80169.png,0,0
1420,41087.png,1,1
1421,69523.png,3,3
1422,59342.png,2,1
1423,49658.png,1,1
1424,43279.png,1,1
1425,31705.png,2,2
1426,15806.png,0,0
1427,12768.png,1,3
1428,53219.png,2,1
1429,62094.png,2,2
1430,21569.png,0,0
1431,27603.png,2,2
1432,50793.png,5,5
1433,21640.png,2,2
1434,06482.png,0,1
1435,51283.png,2,2
1436,83549.png,1,0
1437,81305.png,1,2
1438,06584.png,3,3
1439,43529.png,0,0
1440,46078.png,0,0
1441,94130.png,2,2
1442,89076.png,1,1
1443,27305.png,3,3
1444,72536.png,2,2
1445,47582.png,1,1
1446,97236.png,0,0
1447,56741.png,2,2
1448,80327.png,2,1
1449,52860.png,0,0
1450,30582.png,4,4
1451,23091.png,1,0
1452,04689.png,0,0
1453,18406.png,1,2
1454,01742.png,0,1
1455,61085.png,0,0
1456,71354.png,2,2
1457,05476.png,3,3
1458,97643.png,7,7
1459,70498.png,3,3
1460,59871.png,2,2
1461,31470.png,0,0
1462,28043.png,2,0
1463,16798.png,2,2
1464,68957.png,1,1
1465,72469.png,3,3
1466,43817.png,0,1
1467,15948.png,0,0
1468,62093.png,9,9
1469,71089.png,3,3
1470,64285.png,2,2
1471,53712.png,0,0
1472,46501.png,5,6
1473,02451.png,1,1
1474,45217.png,0,1
1475,17843.png,1,1
1476,64032.png,0,0
1477,27360.png,0,0
1478,83216.png,1,1
1479,80926.png,1,1
1480,74598.png,4,4
1481,74250.png,1,1
1482,94836.png,1,0
1483,35890.png,0,0
1484,19845.png,2,2
1485,85167.png,0,0
1486,93547.png,1,0
1487,93754.png,1,2
1488,94068.png,1,1
1489,92041.png,0,0
1490,82765.png,2,3
1491,90351.png,0,0
1492,19627.png,0,0
1493,27614.png,1,0
1494,08163.png,0,0
1495,70624.png,8,7
1496,72164.png,4,4
1497,52091.png,1,1
1498,08367.png,1,3
1499,75921.png,0,0
1500,06239.png,4,4
1501,53082.png,1,1
1502,89073.png,1,1
1503,41697.png,4,4
1504,39861.png,0,0
1505,86137.png,1,1
1506,96280.png,2,2
1507,29750.png,1,0
1508,90145.png,1,0
1509,63210.png,4,4
1510,98642.png,1,1
1511,26795.png,1,1
1512,57840.png,0,0
1513,70865.png,2,1
1514,47920.png,2,1
1515,92816.png,1,0
1516,56179.png,26,23
1517,12396.png,1,1
1518,45139.png,0,0
1519,93568.png,0,0
1520,96420.png,1,4
1521,65312.png,1,2
1522,09217.png,0,0
1523,28690.png,1,1
1524,50163.png,7,7
1525,90836.png,0,0
1526,29643.png,3,3
1527,85209.png,0,0
1528,03869.png,0,0
1529,98361.png,2,2
1530,43560.png,0,0
1531,25341.png,1,4
1532,89761.png,0,0
1533,72940.png,0,0
1534,15097.png,2,2
1535,78069.png,1,1
1536,40967.png,1,1
1537,37865.png,1,1
1538,35786.png,0,0
1539,76239.png,2,2
1540,34975.png,1,1
1541,85417.png,4,4
1542,02914.png,0,0
1543,71634.png,2,2
1544,64193.png,0,1
1545,42038.png,4,11
1546,49173.png,10,11
1547,38259.png,1,1
1548,43170.png,2,2
1549,79624.png,0,0
1550,17094.png,1,1
1551,82945.png,2,2
1552,58417.png,1,1
1553,59814.png,2,1
1554,23940.png,0,0
1555,18204.png,1,1
1556,56931.png,0,0
1557,16587.png,0,1
1558,39175.png,0,0
1559,64072.png,0,0
1560,26137.png,1,0
1561,68309.png,0,2
1562,81379.png,0,0
1563,38697.png,5,4
1564,76032.png,2,0
1565,74890.png,2,1
1566,89642.png,3,3
1567,54016.png,0,0
1568,08376.png,1,1
1569,52349.png,1,1
1570,80925.png,0,0
1571,07159.png,1,1
1572,40237.png,1,0
1573,41372.png,7,7
1574,18094.png,1,1
1575,50824.png,2,3
1576,68457.png,1,2
1577,87156.png,0,0
1578,23648.png,1,1
1579,50691.png,2,2
1580,75039.png,1,0
1581,09563.png,1,1
1582,59402.png,1,1
1583,23198.png,1,1
1584,78946.png,1,1
1585,19426.png,1,0
1586,20837.png,0,0
1587,70893.png,0,1
1588,65804.png,1,0
1589,37208.png,1,1
1590,07234.png,3,2
1591,53872.png,1,1
1592,70549.png,1,1
1593,54179.png,0,1
1594,13402.png,2,2
1595,90875.png,1,1
1596,49157.png,1,1
1597,05931.png,1,0
1598,85196.png,0,0
1599,79205.png,0,0
1600,90534.png,2,2
1601,93216.png,0,0
1602,37294.png,1,1
1603,89657.png,2,3
1604,70541.png,0,0
1605,43651.png,1,0
1606,25149.png,1,0
1607,32650.png,0,2
1608,94216.png,1,2
1609,35942.png,0,1
1610,56091.png,3,2
1611,54023.png,1,0
1612,41896.png,2,1
1613,84639.png,1,1
1614,68752.png,1,0
1615,57312.png,0,0
1616,68429.png,0,1
1617,43026.png,0,0
1618,80927.png,0,1
1619,28751.png,1,1
1620,89610.png,0,0
1621,38071.png,0,1
1622,51498.png,2,1
1623,18452.png,3,3
1624,13596.png,4,4
1625,14893.png,3,4
1626,96710.png,0,0
1627,84965.png,5,4
1628,62135.png,1,1
1629,32478.png,1,1
1630,93528.png,0,2
1631,01497.png,2,2
1632,09348.png,0,0
1633,90734.png,13,13
1634,72805.png,1,0
1635,13964.png,2,2
1636,32081.png,1,1
1637,52714.png,0,0
1638,48651.png,5,5
1639,32941.png,6,5
1640,69125.png,0,0
1641,23401.png,3,2
1642,60193.png,0,0
1643,37054.png,1,1
1644,17564.png,1,1
1645,16420.png,3,2
1646,27963.png,0,0
1647,76850.png,4,4
1648,92613.png,3,3
1649,91286.png,0,0
1650,03165.png,1,1
1651,34065.png,6,7
1652,97241.png,0,0
1653,78251.png,0,1
1654,24958.png,1,1
1655,59436.png,1,1
1656,38097.png,0,0
1657,80976.png,4,3
1658,12765.png,1,1
1659,59801.png,3,4
1660,57326.png,5,7
1661,12603.png,0,0
1662,36571.png,11,11
1663,13675.png,1,1
1664,54701.png,0,0
1665,83271.png,0,0
1666,43792.png,1,1
1667,45630.png,1,1
1668,09623.png,0,0
1669,97815.png,0,1
1670,07452.png,5,5
1671,80526.png,0,0
1672,52716.png,1,0
1673,39607.png,0,0
1674,75209.png,0,0
1675,73609.png,1,1
1676,50263.png,1,0
1677,86372.png,1,1
1678,74953.png,2,1
1679,37420.png,6,6
1680,54137.png,1,1
1681,13486.png,1,1
1682,49762.png,0,0
1683,25748.png,1,1
1684,67413.png,2,3
1685,48970.png,1,2
1686,07965.png,1,1
1687,89107.png,2,2
1688,71692.png,0,0
1689,95281.png,0,0
1690,18724.png,5,7
1691,16084.png,0,0
1692,07539.png,2,2
1693,31068.png,2,2
1694,79603.png,2,2
1695,98604.png,3,3
1696,51473.png,1,1
1697,96073.png,3,2
1698,85316.png,0,1
1699,17832.png,1,1
1700,56134.png,6,6
1701,57089.png,2,2
1702,89756.png,0,0
1703,16052.png,4,4
1704,10486.png,0,0
1705,36981.png,2,2
1706,90251.png,1,1
1707,19458.png,0,0
1708,10258.png,2,1
1709,21349.png,0,0
1710,80253.png,1,1
1711,70654.png,6,2
1712,71352.png,7,7
1713,90461.png,0,0
1714,98346.png,1,1
1715,76538.png,0,0
1716,17439.png,2,1
1717,71509.png,0,0
1718,34680.png,1,1
1719,38609.png,1,1
1720,78639.png,1,1
1721,04638.png,7,6
1722,25198.png,0,1
1723,52790.png,2,2
1724,84032.png,1,1
1725,90321.png,5,4
1726,27380.png,5,6
1727,23754.png,1,1
1728,30127.png,1,0
1729,27965.png,0,1
1730,80123.png,1,1
1731,83504.png,1,3
1732,95186.png,0,0
1733,85429.png,0,0
1734,81370.png,1,0
1735,23971.png,1,2
1736,28641.png,1,0
1737,76328.png,0,0
1738,23109.png,3,3
1739,78294.png,5,5
1740,64037.png,2,2
1741,91738.png,1,1
1742,08569.png,2,4
1743,97415.png,0,0
1744,50964.png,1,2
1745,45182.png,0,0
1746,90417.png,1,1
1747,90315.png,3,3
1748,37450.png,0,0
1749,97035.png,1,1
1750,39640.png,1,1
1751,70142.png,6,8
1752,05162.png,1,3
1753,71098.png,0,0
1754,84203.png,1,1
1755,76132.png,0,0
1756,31847.png,2,2
1757,19385.png,1,1
1758,10839.png,1,1
1759,32701.png,0,0
1760,80935.png,0,0
1761,98670.png,0,0
1762,85173.png,9,10
1763,65187.png,1,2
1764,29478.png,0,0
1765,19682.png,4,2
1766,65130.png,2,2
1767,81320.png,0,2
1768,42783.png,0,0
1769,65034.png,0,0
1770,17280.png,2,3
1771,59061.png,0,0
1772,17645.png,0,0
1773,70682.png,1,1
1774,03562.png,1,1
1775,16842.png,0,0
1776,49285.png,0,0
1777,43207.png,2,3
1778,46518.png,0,1
1779,58462.png,2,2
1780,96735.png,1,0
1781,93081.png,1,1
1782,13609.png,6,5
1783,72830.png,1,1
1784,62804.png,0,0
1785,40385.png,1,1
1786,05192.png,4,5
1787,72059.png,0,0
1788,54689.png,1,0
1789,28461.png,3,6
1790,84091.png,4,4
1791,08954.png,1,1
1792,96471.png,3,3
1793,34710.png,2,2
1794,78624.png,2,2
1795,39482.png,0,0
1796,69753.png,0,0
1797,50679.png,1,1
1798,63859.png,5,5
1799,20873.png,5,5
1800,23065.png,0,0
1801,60578.png,5,3
1802,32051.png,1,1
1803,29508.png,2,2
1804,85960.png,2,2
1805,26107.png,1,1
1806,61847.png,0,0
1807,92573.png,3,3
1808,67281.png,3,5
1809,19623.png,0,0
1810,27514.png,0,0
1811,13859.png,1,1
1812,02654.png,0,0
1813,48062.png,1,0
1814,37902.png,0,0
1815,93642.png,1,0
1816,45219.png,1,0
1817,86254.png,0,0
1818,38147.png,1,1
1819,51237.png,0,0
1820,05768.png,0,0
1821,43952.png,0,2
1822,94508.png,0,0
1823,91428.png,1,1
1824,43721.png,2,1
1825,31769.png,5,4
1826,82453.png,2,2
1827,53914.png,4,4
1828,10725.png,1,2
1829,46193.png,0,0
1830,71368.png,9,8
1831,34762.png,2,2
1832,56712.png,1,0
1833,62580.png,0,0
1834,38629.png,2,2
1835,07192.png,2,2
1836,34076.png,3,3
1837,37814.png,0,0
1838,76035.png,1,1
1839,51738.png,0,1
1840,92068.png,0,0
1841,98564.png,1,1
1842,17298.png,0,0
1843,18632.png,1,0
1844,21345.png,0,0
1845,35276.png,0,0
1846,61730.png,1,1
1847,19306.png,2,2
1848,26984.png,0,0
1849,51209.png,6,7
1850,27659.png,2,2
1851,24501.png,1,1
1852,18234.png,1,1
1853,43098.png,0,0
1854,19836.png,1,1
1855,10256.png,5,4
1856,87049.png,4,4
1857,41637.png,2,1
1858,92835.png,0,0
1859,28691.png,0,0
1860,75960.png,1,0
1861,87290.png,3,3
1862,34018.png,0,0
1863,60384.png,2,2
1864,72638.png,1,1
1865,82540.png,0,0
1866,23075.png,6,7
1867,15749.png,0,0
1868,69074.png,0,0
1869,25719.png,2,2
1870,14083.png,5,5
1871,25386.png,0,1
1872,25497.png,7,8
1873,25604.png,2,2
1874,40319.png,1,1
1875,32765.png,1,1
1876,06315.png,3,2
1877,03267.png,1,1
1878,69041.png,7,7
1879,23150.png,0,0
1880,96514.png,0,0
1881,19523.png,0,0
1882,97384.png,0,0
1883,49728.png,1,1
1884,39076.png,0,0
1885,78064.png,0,3
1886,03968.png,0,1
1887,69820.png,1,0
1888,16973.png,0,0
1889,98756.png,1,1
1890,69780.png,2,2
1891,04658.png,0,0
1892,42871.png,4,7
1893,19302.png,1,1
1894,61483.png,0,1
1895,75203.png,1,1
1896,42631.png,3,2
1897,29706.png,0,0
1898,27654.png,4,4
1899,86413.png,0,1
1900,06148.png,0,0
1901,56480.png,1,1
1902,32485.png,2,2
1903,75613.png,0,0
1904,49608.png,3,3
1905,82693.png,4,3
1906,71348.png,0,1
1907,64735.png,1,1
1908,30289.png,2,2
1909,15327.png,0,0
1910,64982.png,1,1
1911,97821.png,0,0
1912,45132.png,1,1
1913,76921.png,0,2
1914,73689.png,1,0
1915,41032.png,3,3
1916,01467.png,0,0
1917,71432.png,1,1
1918,39762.png,0,0
1919,75092.png,0,0
1920,63281.png,6,6
1921,43017.png,1,1
1922,84273.png,1,1
1923,69521.png,1,0
1924,10263.png,2,2
1925,87925.png,1,1
1926,82451.png,4,4
1927,90653.png,1,1
1928,75823.png,2,1
1929,42803.png,2,1
1930,14389.png,2,1
1931,39041.png,3,3
1932,19726.png,0,0
1933,60317.png,0,0
1934,71048.png,1,0
1935,95264.png,1,1
1936,17320.png,0,0
1937,97845.png,0,0
1938,92365.png,1,1
1939,10689.png,1,1
1940,26179.png,1,1
1941,16543.png,8,8
1942,21504.png,1,1
1943,61780.png,0,0
1944,51270.png,0,0
1945,61058.png,0,1
1946,79368.png,1,2
1947,56243.png,7,10
1948,62305.png,0,0
1949,52361.png,1,1
1950,03217.png,0,0
1951,60483.png,2,2
1952,74019.png,1,1
1953,91024.png,8,8
1954,79485.png,0,1
1955,80265.png,0,0
1956,81942.png,0,0
1957,78036.png,1,0
1958,98137.png,9,9
1959,30145.png,1,1
1960,59380.png,1,1
1961,19630.png,0,0
1962,03178.png,0,0
1963,46785.png,0,0
1964,48630.png,1,1
1965,12956.png,0,0
1966,97063.png,1,1
1967,36749.png,1,1
1968,02374.png,0,0
1969,57462.png,0,0
1970,18504.png,2,1
1971,37285.png,0,0
1972,89745.png,2,2
1973,01926.png,7,3
1974,87315.png,1,1
1975,56328.png,1,0
1976,29614.png,0,0
1977,86041.png,1,0
1978,03875.png,0,1
1979,37185.png,1,3
1980,04861.png,2,2
1981,85327.png,0,0
1982,10269.png,1,1
1983,90285.png,0,0
1984,26708.png,2,3
1985,58637.png,0,0
1986,24316.png,1,0
1987,02619.png,5,7
1988,34015.png,0,0
1989,18739.png,6,5
1990,58906.png,0,0
1991,76851.png,0,0
1992,06593.png,1,1
1993,63217.png,0,0
1994,82154.png,0,0
1995,72058.png,0,0
1996,24986.png,2,2
1997,59601.png,6,5
1998,92140.png,0,1
1999,92846.png,0,4
2000,31805.png,1,0
2001,67538.png,1,1
2002,72634.png,1,1
2003,21548.png,7,7
2004,13042.png,3,3
2005,27398.png,0,0
2006,29316.png,2,2
2007,12460.png,0,0
2008,58904.png,2,2
2009,16824.png,1,2
2010,45930.png,2,2
2011,54261.png,0,0
2012,54210.png,1,1
2013,35704.png,0,1
2014,94267.png,0,0
2015,57943.png,0,0
2016,13647.png,0,0
2017,95672.png,1,0
2018,24650.png,3,3
2019,23968.png,1,2
2020,32915.png,1,1
2021,60574.png,2,1
2022,75104.png,1,1
2023,63078.png,1,1
2024,76549.png,1,0
2025,14097.png,2,2
2026,19234.png,1,0
2027,26198.png,0,1
2028,93071.png,0,2
2029,95438.png,0,0
2030,10469.png,0,0
2031,56187.png,0,0
2032,61570.png,1,0
2033,05471.png,2,2
2034,06519.png,0,0
2035,62859.png,0,0
2036,26571.png,0,0
2037,53268.png,0,0
2038,34780.png,1,1
2039,31468.png,0,0
2040,41562.png,1,1
2041,32714.png,0,0
2042,52874.png,1,1
2043,83175.png,1,1
2044,48756.png,2,1
2045,26049.png,0,1
2046,98412.png,3,3
2047,03485.png,5,4
2048,34506.png,1,0
2049,10348.png,2,2
2050,98514.png,0,0
2051,79124.png,1,1
2052,69804.png,0,0
2053,01893.png,3,3
2054,02561.png,0,0
2055,95031.png,0,0
2056,70864.png,2,2
2057,38061.png,1,0
2058,89160.png,2,2
2059,91840.png,0,1
2060,80534.png,2,2
2061,80654.png,2,1
2062,92075.png,0,0
2063,34518.png,6,6
2064,90657.png,1,1
2065,54726.png,0,0
2066,65078.png,1,1
2067,16857.png,0,0
2068,76491.png,1,1
2069,84657.png,1,2
2070,29735.png,2,1
2071,15208.png,1,1
2072,96804.png,0,0
2073,80276.png,2,2
2074,24365.png,0,0
2075,20316.png,0,0
2076,37264.png,2,2
2077,85129.png,2,0
2078,81792.png,1,1
2079,92718.png,0,0
2080,02934.png,1,1
2081,19824.png,1,0
2082,93462.png,1,1
2083,08726.png,1,2
2084,63509.png,0,0
2085,32586.png,2,2
2086,20851.png,1,3
2087,26750.png,3,4
2088,17082.png,1,1
2089,46792.png,0,0
2090,53420.png,0,0
2091,93125.png,4,5
2092,31925.png,1,0
2093,14856.png,1,1
2094,52739.png,2,2
2095,57193.png,1,0
2096,12570.png,1,1
2097,56418.png,6,6
2098,48320.png,2,1
2099,24907.png,0,0
2100,82193.png,0,0
2101,06579.png,4,4
2102,85092.png,1,1
2103,51978.png,0,0
2104,97512.png,1,1
2105,34652.png,1,1
2106,48370.png,4,2
2107,97816.png,0,0
2108,10574.png,0,0
2109,61893.png,0,0
2110,89726.png,0,1
2111,79823.png,1,1
2112,78243.png,0,0
2113,54820.png,1,1
2114,60314.png,1,1
2115,36401.png,0,0
2116,82675.png,1,1
2117,01492.png,1,1
2118,61938.png,5,5
2119,86725.png,4,4
2120,48703.png,2,3
2121,02965.png,0,0
2122,52768.png,0,0
2123,18432.png,0,0
2124,45069.png,1,2
2125,59738.png,1,1
2126,83976.png,0,0
2127,57209.png,1,1
2128,53649.png,0,0
2129,40231.png,0,0
2130,20815.png,4,12
2131,80425.png,6,6
2132,57418.png,0,0
2133,80179.png,1,1
2134,24309.png,2,2
2135,80613.png,0,0
2136,34568.png,0,0
2137,70254.png,0,1
2138,52130.png,1,1
2139,82603.png,1,1
2140,98274.png,2,2
2141,19408.png,2,3
2142,90468.png,0,0
2143,54709.png,1,1
2144,31907.png,2,2
2145,38706.png,0,0
2146,54082.png,2,2
2147,62758.png,0,0
2148,78062.png,1,1
2149,04782.png,0,0
2150,21867.png,1,1
2151,82503.png,2,2
2152,97108.png,1,1
2153,29173.png,1,1
2154,78902.png,1,1
2155,07213.png,1,1
2156,79825.png,5,8
2157,16704.png,1,1
2158,85026.png,1,1
2159,01854.png,4,4
2160,98613.png,1,2
2161,50368.png,7,7
2162,01348.png,9,9
2163,02514.png,1,2
2164,37021.png,0,0
2165,54629.png,3,2
2166,74912.png,0,0
2167,26945.png,1,1
2168,65147.png,1,2
2169,16085.png,0,0
2170,42836.png,1,1
2171,79681.png,1,1
2172,97542.png,9,9
2173,40761.png,1,0
2174,86904.png,0,0
2175,50286.png,2,2
2176,80279.png,5,5
2177,82165.png,3,1
2178,74218.png,1,1
2179,47210.png,1,1
2180,86193.png,1,0
2181,01498.png,1,1
2182,91375.png,0,0
2183,87416.png,3,2
2184,04287.png,0,0
2185,75420.png,2,2
2186,01295.png,1,0
2187,27956.png,1,1
2188,09648.png,1,0
2189,87053.png,3,2
2190,56287.png,0,0
2191,40856.png,0,0
2192,86543.png,1,1
2193,19758.png,0,0
2194,62504.png,7,7
2195,47829.png,1,1
2196,40327.png,1,1
2197,17830.png,0,0
2198,56827.png,4,5
2199,81069.png,0,0
2200,23459.png,0,0
2201,37592.png,1,1
2202,48965.png,1,1
2203,47289.png,1,1
2204,24975.png,0,0
2205,70562.png,1,1
2206,64293.png,0,0
2207,06842.png,6,4
2208,68172.png,0,0
2209,15308.png,1,1
2210,57410.png,0,0
2211,21648.png,7,8
2212,63905.png,3,3
2213,97621.png,0,0
2214,94106.png,3,3
2215,61037.png,2,4
2216,24163.png,2,1
2217,48031.png,2,2
2218,36875.png,0,0
2219,01547.png,17,17
2220,92810.png,1,1
2221,76803.png,2,4
2222,35628.png,0,0
2223,56470.png,1,1
2224,27351.png,1,2
2225,37260.png,1,1
2226,97013.png,0,0
2227,37284.png,1,1
2228,52816.png,0,0
2229,51746.png,2,2
2230,20835.png,1,0
2231,84736.png,0,0
2232,30982.png,2,2
2233,26903.png,1,1
2234,86249.png,0,2
2235,94185.png,0,0
2236,80152.png,1,0
2237,04763.png,0,0
2238,65342.png,1,1
2239,17453.png,5,5
2240,26930.png,5,4
2241,68213.png,0,1
2242,49613.png,4,4
2243,04536.png,0,0
2244,52819.png,0,0
2245,47286.png,0,0
2246,60315.png,0,0
2247,87203.png,0,1
2248,56980.png,1,1
2249,72951.png,2,2
2250,56873.png,0,0
2251,01358.png,0,0
2252,39280.png,3,2
2253,82657.png,1,1
2254,60982.png,0,0
2255,42813.png,0,0
2256,17908.png,3,2
2257,29304.png,0,0
2258,18702.png,2,2
2259,60893.png,0,0
2260,48925.png,0,0
2261,13085.png,1,1
2262,48923.png,0,0
2263,72609.png,0,0
2264,64708.png,1,1
2265,51029.png,0,0
2266,68079.png,1,0
2267,40679.png,1,1
2268,17935.png,2,0
2269,79465.png,5,5
2270,15493.png,1,1
2271,35084.png,5,5
2272,96231.png,2,2
2273,93578.png,0,0
2274,16827.png,1,1
2275,59028.png,2,3
2276,73984.png,1,1
2277,76581.png,4,4
2278,85601.png,3,1
2279,76259.png,1,0
2280,68193.png,1,0
2281,10963.png,0,0
2282,75894.png,1,1
2283,46013.png,2,1
2284,53187.png,0,0
2285,10634.png,1,0
2286,08621.png,1,1
2287,56912.png,0,0
2288,64520.png,1,1
2289,46870.png,0,0
2290,78321.png,13,13
2291,72091.png,0,0
2292,63289.png,12,12
2293,03567.png,0,0
2294,46215.png,5,3
2295,25739.png,2,2
2296,97562.png,4,5
2297,56018.png,1,1
2298,27681.png,0,0
2299,95048.png,1,1
2300,10329.png,2,2
2301,57864.png,0,0
2302,54219.png,1,1
2303,85690.png,1,1
2304,47265.png,7,7
2305,85204.png,0,0
2306,19304.png,3,2
2307,08134.png,1,1
2308,75046.png,1,0
2309,81975.png,1,1
2310,97142.png,5,3
2311,80436.png,0,0
2312,30489.png,0,0
2313,08495.png,0,0
2314,35487.png,2,2
2315,40259.png,0,0
2316,28067.png,0,1
2317,20936.png,1,3
2318,72310.png,1,1
2319,12958.png,4,4
2320,70148.png,1,1
2321,35478.png,1,1
2322,49126.png,0,3
2323,59812.png,1,0
2324,69487.png,4,4
2325,68529.png,1,1
2326,53184.png,1,1
2327,15738.png,1,1
2328,87923.png,2,2
2329,45960.png,0,0
2330,23047.png,1,1
2331,14650.png,3,3
2332,80945.png,1,1
2333,64978.png,1,0
2334,27908.png,2,2
2335,06985.png,1,1
2336,60741.png,1,1
2337,58976.png,1,1
2338,69410.png,2,1
2339,26095.png,1,1
2340,48517.png,1,0
2341,34708.png,1,1
2342,67548.png,1,1
2343,96513.png,1,1
2344,05791.png,0,0
2345,47208.png,1,1
2346,13287.png,1,1
2347,93051.png,3,3
2348,30815.png,4,6
2349,86405.png,1,0
2350,76320.png,1,1
2351,45062.png,2,0
2352,69042.png,1,0
2353,60592.png,1,1
2354,74183.png,0,0
2355,24018.png,2,2
2356,47693.png,2,2
2357,54130.png,2,2
2358,54817.png,2,3
2359,65814.png,1,1
2360,30942.png,6,6
2361,59641.png,2,1
2362,70495.png,1,1
2363,67852.png,3,2
2364,54782.png,1,1
2365,43612.png,2,1
2366,39547.png,3,1
2367,73465.png,2,2
2368,81546.png,1,1
2369,15649.png,0,0
2370,62457.png,1,1
2371,54708.png,2,0
2372,19247.png,1,1
2373,14762.png,1,0
2374,49205.png,1,2
2375,83295.png,1,0
2376,10852.png,3,3
2377,87520.png,6,5
2378,35247.png,0,0
2379,59873.png,1,1
2380,48125.png,3,3
2381,08934.png,1,1
2382,98657.png,1,1
2383,38491.png,5,5
2384,36174.png,0,2
2385,15824.png,5,5
2386,58621.png,1,0
2387,54971.png,0,0
2388,08439.png,0,0
2389,21637.png,2,1
2390,19543.png,0,0
2391,21978.png,1,0
2392,80524.png,1,1
2393,52986.png,1,1
2394,42685.png,0,0
2395,69842.png,8,8
2396,89136.png,1,1
2397,13259.png,1,1
2398,79641.png,1,2
2399,34927.png,0,0
2400,89251.png,0,1
2401,27914.png,1,1
2402,37256.png,0,0
2403,72584.png,2,2
2404,60913.png,0,0
2405,40573.png,1,0
2406,29483.png,4,4
2407,17248.png,1,1
2408,75680.png,0,0
2409,41503.png,3,5
2410,63174.png,1,1
2411,95130.png,1,1
2412,05349.png,1,1
2413,29308.png,0,0
2414,59701.png,0,0
2415,34978.png,2,2
2416,91208.png,1,1
2417,17849.png,4,4
2418,72409.png,5,6
2419,10956.png,1,1
2420,68192.png,1,1
2421,32876.png,0,0
2422,38742.png,1,1
2423,26348.png,1,2
2424,28317.png,2,2
2425,89435.png,2,2
2426,96071.png,4,4
2427,63458.png,0,0
2428,63714.png,1,1
2429,24537.png,5,5
2430,87504.png,1,0
2431,56307.png,1,1
2432,32649.png,0,0
2433,87902.png,1,0
2434,75310.png,6,6
2435,69057.png,3,3
2436,50741.png,3,3
2437,52483.png,2,2
2438,86490.png,0,0
2439,42376.png,1,1
2440,92853.png,0,0
2441,87510.png,7,8
2442,92056.png,0,0
2443,10793.png,8,7
2444,59268.png,1,1
2445,37095.png,1,1
2446,87190.png,1,0
2447,80126.png,0,0
2448,51368.png,0,0
2449,01794.png,1,1
2450,75319.png,0,0
2451,91562.png,9,8
2452,43820.png,2,2
2453,34152.png,2,2
2454,78564.png,6,6
2455,90864.png,1,1
2456,18054.png,1,0
2457,82450.png,2,4
2458,42961.png,0,0
2459,16054.png,0,0
2460,46509.png,0,0
2461,05917.png,0,0
2462,70843.png,1,1
2463,42510.png,1,3
2464,36842.png,0,0
2465,04923.png,0,0
2466,07248.png,3,3
2467,72514.png,0,0
2468,50348.png,0,1
2469,75396.png,0,0
2470,74630.png,1,1
2471,69253.png,0,0
2472,52796.png,0,0
2473,49185.png,2,3
2474,35614.png,0,1
2475,18407.png,0,0
2476,70346.png,0,0
2477,08452.png,1,1
2478,43596.png,7,7
2479,46315.png,1,0
2480,43819.png,0,0
2481,67531.png,1,1
2482,68592.png,6,6
2483,86175.png,1,1
2484,67809.png,0,0
2485,95081.png,8,8
2486,23510.png,2,2
2487,69702.png,0,2
2488,03642.png,5,5
2489,98163.png,6,7
2490,85243.png,0,0
2491,16438.png,0,0
2492,35910.png,2,1
2493,80653.png,2,1
2494,74583.png,6,4
2495,67849.png,1,1
2496,25061.png,0,0
2497,60718.png,4,4
2498,05918.png,5,7
2499,93254.png,1,1
2500,86923.png,1,1
2501,76498.png,0,1
2502,49580.png,0,0
2503,51694.png,1,0
2504,81096.png,1,5
2505,03281.png,0,0
2506,71920.png,2,2
2507,62378.png,10,9
2508,43218.png,0,0
2509,06589.png,0,1
2510,59482.png,0,0
2511,32480.png,0,1
2512,21647.png,1,0
2513,81940.png,1,1
2514,14602.png,2,2
2515,30497.png,1,1
2516,26357.png,0,0
2517,07392.png,2,1
2518,91356.png,0,0
2519,54720.png,0,0
2520,21938.png,1,1
2521,08716.png,3,3
2522,71480.png,1,2
2523,92417.png,1,1
2524,18294.png,0,0
2525,16784.png,2,2
2526,61792.png,0,0
2527,48175.png,1,0
2528,25493.png,0,1
2529,80429.png,8,9
2530,86071.png,3,3
2531,46152.png,0,0
2532,29310.png,0,0
2533,14657.png,0,0
2534,70146.png,0,0
2535,31097.png,0,1
2536,20685.png,7,7
2537,13506.png,1,1
2538,38460.png,2,2
2539,86271.png,0,1
2540,24580.png,0,0
2541,30216.png,0,0
2542,71524.png,0,0
2543,04582.png,0,0
2544,75098.png,2,2
2545,05213.png,3,2
2546,98245.png,0,0
2547,52416.png,1,1
2548,03285.png,0,1
2549,03279.png,1,0
2550,91308.png,6,5
2551,73956.png,4,4
2552,51367.png,1,0
2553,83964.png,1,1
2554,26438.png,10,10
2555,03145.png,0,0
2556,57401.png,0,0
2557,50273.png,2,2
2558,03528.png,0,0
2559,43198.png,4,3
2560,91468.png,1,0
2561,06824.png,0,1
2562,01836.png,0,0
2563,61823.png,6,6
2564,35048.png,0,2
2565,51348.png,0,0
2566,96342.png,0,0
2567,17493.png,2,1
2568,58971.png,1,1
2569,75016.png,1,0
2570,51243.png,2,2
2571,56081.png,1,1
2572,04273.png,1,1
2573,35041.png,2,2
2574,03495.png,2,2
2575,74609.png,0,0
2576,27480.png,1,0
2577,26014.png,0,1
2578,30629.png,4,4
2579,14975.png,0,1
2580,63524.png,0,0
2581,30256.png,0,0
2582,09238.png,1,0
2583,41268.png,2,2
2584,01349.png,0,0
2585,50816.png,1,0
2586,82473.png,1,1
2587,15942.png,3,5
2588,12358.png,1,1
2589,68179.png,5,5
2590,84361.png,3,2
2591,34625.png,0,0
2592,19873.png,2,4
2593,54731.png,1,1
2594,97153.png,1,0
2595,12376.png,3,3
2596,94563.png,2,1
2597,79325.png,0,0
2598,45938.png,1,0
2599,14523.png,0,0
2600,70842.png,2,7
2601,82973.png,0,0
2602,04892.png,2,2
2603,71560.png,0,1
2604,62934.png,1,2
2605,56830.png,0,0
2606,87260.png,0,0
2607,92814.png,4,4
2608,64198.png,1,1
2609,56138.png,0,0
2610,85614.png,2,2
2611,53017.png,2,2
2612,32704.png,6,7
2613,34715.png,1,1
2614,45270.png,0,0
2615,79581.png,2,0
2616,80197.png,5,5
2617,75269.png,2,1
2618,73206.png,0,0
2619,14037.png,0,0
2620,08534.png,1,1
2621,04785.png,0,0
2622,52748.png,1,1
2623,93024.png,2,6
2624,81273.png,0,0
2625,32974.png,2,3
2626,48792.png,1,1
2627,20165.png,1,1
2628,69427.png,0,1
2629,79258.png,0,0
2630,93045.png,1,2
2631,70426.png,1,0
2632,13476.png,0,0
2633,71462.png,0,0
2634,83650.png,1,1
2635,08345.png,1,2
2636,21450.png,1,1
2637,72506.png,2,1
2638,76104.png,0,0
2639,95637.png,3,2
2640,29130.png,2,2
2641,62084.png,1,0
2642,69534.png,11,10
2643,91436.png,0,0
2644,42675.png,0,0
2645,29513.png,0,0
2646,34862.png,5,5
2647,13074.png,6,6
2648,49201.png,4,5
2649,65429.png,0,1
2650,97610.png,0,0
2651,07412.png,1,0
2652,73256.png,0,0
2653,15803.png,1,1
2654,46520.png,1,1
2655,91584.png,1,1
2656,75290.png,4,4
2657,47532.png,1,0
2658,20749.png,1,1
2659,01726.png,0,0
2660,16458.png,4,4
2661,60857.png,2,2
2662,02485.png,0,1
2663,95831.png,1,1
2664,56309.png,0,0
2665,06739.png,1,1
2666,61870.png,1,0
2667,17324.png,3,4
2668,93401.png,2,1
2669,32781.png,1,1
2670,65124.png,4,4
2671,12065.png,1,1
2672,52940.png,1,1
2673,28604.png,0,1
2674,69731.png,0,0
2675,05198.png,1,1
2676,58490.png,0,0
2677,45291.png,1,0
2678,74805.png,2,2
2679,05726.png,1,1
2680,08793.png,2,2
2681,81239.png,0,0
2682,01245.png,0,0
2683,07465.png,3,2
2684,02831.png,0,0
2685,02584.png,0,0
2686,28759.png,0,0
2687,45871.png,1,1
2688,54287.png,2,2
2689,83901.png,1,1
2690,32568.png,1,1
2691,39758.png,0,0
2692,52479.png,1,1
2693,93506.png,2,2
2694,67143.png,0,1
2695,86207.png,0,1
2696,14372.png,0,0
2697,35470.png,1,1
2698,43716.png,7,8
2699,56910.png,0,0
2700,51409.png,0,0
2701,82094.png,1,1
2702,43920.png,1,1
2703,24713.png,3,6
2704,70435.png,1,1
2705,04163.png,1,1
2706,35689.png,1,2
2707,03189.png,0,1
2708,09867.png,1,1
2709,13459.png,0,0
2710,03268.png,3,1
2711,58674.png,3,3
2712,19268.png,0,0
2713,98461.png,1,0
2714,60541.png,0,0
2715,26078.png,0,2
2716,43570.png,0,0
2717,18673.png,2,2
2718,03124.png,1,2
2719,63159.png,1,0
2720,91273.png,0,0
2721,28360.png,2,2
2722,45179.png,0,0
2723,79682.png,1,0
2724,38157.png,2,2
2725,62891.png,0,0
2726,58609.png,3,3
2727,34107.png,0,1
2728,40159.png,2,2
2729,49127.png,2,2
2730,59287.png,1,0
2731,65139.png,1,0
2732,25783.png,0,0
2733,31426.png,0,0
2734,07291.png,2,1
2735,64093.png,0,1
2736,40852.png,2,2
2737,93478.png,1,0
2738,91680.png,1,0
2739,18963.png,0,0
2740,58130.png,0,0
2741,47698.png,0,1
2742,48023.png,0,1
2743,50927.png,2,2
2744,20578.png,0,0
2745,86457.png,1,1
2746,81293.png,0,0
2747,91358.png,1,1
2748,16439.png,1,1
2749,18750.png,3,4
2750,78659.png,1,2
2751,92370.png,1,1
2752,08943.png,0,0
2753,59063.png,4,4
2754,80251.png,2,1
2755,75821.png,1,1
2756,08196.png,0,0
2757,89173.png,0,0
2758,10287.png,0,1
2759,25709.png,0,1
2760,70539.png,2,2
2761,52473.png,0,1
2762,81043.png,0,1
2763,63172.png,1,1
2764,17054.png,0,0
2765,38156.png,1,1
2766,17358.png,1,1
2767,67054.png,1,1
2768,52304.png,7,8
2769,16895.png,1,0
2770,08423.png,0,0
2771,69308.png,0,0
2772,71360.png,2,2
2773,84790.png,9,10
2774,35174.png,0,0
2775,01874.png,1,1
2776,58426.png,2,1
2777,39784.png,0,0
2778,85132.png,2,1
2779,59261.png,1,0
2780,76293.png,1,0
2781,96781.png,4,4
2782,98421.png,0,0
2783,51682.png,1,1
2784,38401.png,0,0
2785,95014.png,3,3
2786,73129.png,0,0
2787,52798.png,1,0
2788,16540.png,4,4
2789,37180.png,2,1
2790,04567.png,1,1
2791,13528.png,4,5
2792,41856.png,1,1
2793,15872.png,0,0
2794,04278.png,1,0
2795,13870.png,1,0
2796,21598.png,14,14
2797,08679.png,3,3
2798,70496.png,1,1
2799,63920.png,1,1
2800,10398.png,4,4
2801,34189.png,2,3
2802,37609.png,0,0
2803,06471.png,5,5
2804,28395.png,3,3
2805,07345.png,0,0
2806,71925.png,1,1
2807,84720.png,0,0
2808,23759.png,0,1
2809,91432.png,0,0
2810,96802.png,1,1
2811,71365.png,1,0
2812,36210.png,3,3
2813,48016.png,2,1
2814,05734.png,2,2
2815,85743.png,1,1
2816,02475.png,4,3
2817,38416.png,0,0
2818,19342.png,4,4
2819,65430.png,0,0
2820,23578.png,0,0
2821,70948.png,0,2
2822,05962.png,1,1
2823,94021.png,20,11
2824,28146.png,1,1
2825,30561.png,2,1
2826,56891.png,1,1
2827,59408.png,3,4
2828,47136.png,2,2
2829,21780.png,1,0
2830,13572.png,2,2
2831,59231.png,2,1
2832,07168.png,4,5
2833,67801.png,1,2
2834,70529.png,1,0
2835,92581.png,0,0
2836,16734.png,0,1
2837,56123.png,0,0
2838,56473.png,0,0
2839,35642.png,1,2
2840,43506.png,2,1
2841,04982.png,0,0
2842,78459.png,1,0
2843,32489.png,1,1
2844,19530.png,1,1
2845,86052.png,1,0
2846,93671.png,1,1
2847,20859.png,5,5
2848,73561.png,2,2
2849,09824.png,1,0
2850,97051.png,1,1
2851,10579.png,0,0
2852,36049.png,5,5
2853,59127.png,0,3
2854,58071.png,1,1
2855,50186.png,0,1
2856,57348.png,1,1
2857,29054.png,2,2
2858,73945.png,1,1
2859,40536.png,0,0
2860,34057.png,0,0
2861,68324.png,0,0
2862,15023.png,0,0
2863,74016.png,8,5
2864,12876.png,1,1
2865,10943.png,0,0
2866,53108.png,1,0
2867,48106.png,0,0
2868,75602.png,0,0
2869,35604.png,0,0
2870,43609.png,1,1
2871,24967.png,0,0
2872,17630.png,1,1
2873,28613.png,2,2
2874,52168.png,0,0
2875,37859.png,0,0
2876,95174.png,0,0
2877,51672.png,0,0
2878,59463.png,0,0
2879,25483.png,1,2
2880,74103.png,1,2
2881,08132.png,4,4
2882,20854.png,4,4
2883,29873.png,4,4
2884,10785.png,1,3
2885,63092.png,1,1
2886,48957.png,0,0
2887,57481.png,0,0
2888,01953.png,7,7
2889,57986.png,0,0
2890,56089.png,3,3
2891,97860.png,2,3
2892,50678.png,0,0
2893,48153.png,0,0
2894,84907.png,1,1
2895,90587.png,0,0
2896,37084.png,7,7
2897,27430.png,1,1
2898,90612.png,0,0
2899,65917.png,4,2
2900,75048.png,0,1
2901,90382.png,3,2
2902,53196.png,0,0
2903,48612.png,2,2
2904,12690.png,1,1
2905,05916.png,3,1
2906,46153.png,3,2
2907,65843.png,0,0
2908,92317.png,2,3
2909,94718.png,0,1
2910,64825.png,0,1
2911,06245.png,0,0
2912,98526.png,2,2
2913,14072.png,1,2
2914,02467.png,0,0
2915,26185.png,0,0
2916,63718.png,1,2
2917,35298.png,2,1
2918,37546.png,2,2
2919,72580.png,0,0
2920,67025.png,2,2
2921,85094.png,4,4
2922,14908.png,0,0
2923,86795.png,1,1
2924,17356.png,4,5
2925,80576.png,1,0
2926,76540.png,0,0
2927,41502.png,0,0
2928,57319.png,2,2
2929,89320.png,1,1
2930,58213.png,7,7
2931,53941.png,2,1
2932,02486.png,2,2
2933,05269.png,2,2
2934,68510.png,1,1
2935,03765.png,0,0
2936,71659.png,3,3
2937,05874.png,0,1
2938,58069.png,2,2
2939,05976.png,2,2
2940,85746.png,1,1
2941,97642.png,1,1
2942,49105.png,2,2
2943,79346.png,1,1
2944,61270.png,0,0
2945,68954.png,9,10
2946,63185.png,1,1
2947,23096.png,1,1
2948,39145.png,1,1
2949,23415.png,3,2
2950,51346.png,0,1
2951,21078.png,2,1
2952,59840.png,0,0
2953,78931.png,1,1
2954,02471.png,3,3
2955,73596.png,5,6
2956,74908.png,2,2
2957,20498.png,0,0
2958,75240.png,3,3
2959,68045.png,0,0
2960,72504.png,0,0
2961,12378.png,0,0
2962,48327.png,1,1
2963,84152.png,1,1
2964,68540.png,1,2
2965,89126.png,5,6
2966,90625.png,0,1
2967,10952.png,7,7
2968,48250.png,1,0
2969,47985.png,3,1
2970,86351.png,6,6
2971,05436.png,2,2
2972,06481.png,0,0
2973,29761.png,2,1
2974,75320.png,2,0
2975,32891.png,0,0
2976,75023.png,1,1
2977,02364.png,0,0
2978,92407.png,1,2
2979,61250.png,1,0
2980,21364.png,5,5
2981,17948.png,5,5
2982,78345.png,2,2
2983,97615.png,1,0
2984,71486.png,2,2
2985,06348.png,1,1
2986,28391.png,2,2
2987,93854.png,1,1
2988,54310.png,12,12
2989,08374.png,0,0
2990,09273.png,0,0
2991,49805.png,0,0
2992,23175.png,0,0
2993,37182.png,1,1
2994,09384.png,3,3
2995,48361.png,1,1
2996,17829.png,0,1
2997,31074.png,3,3
2998,46573.png,2,1
2999,01594.png,0,0
3000,01842.png,1,1
3001,24061.png,0,0
3002,38954.png,1,1
3003,49850.png,1,1
3004,20948.png,5,4
3005,02365.png,1,1
3006,64025.png,1,0
3007,09265.png,0,0
3008,31672.png,2,3
3009,14078.png,0,1
3010,71563.png,0,0
3011,43087.png,0,0
3012,13469.png,3,3
3013,54368.png,4,3
3014,53820.png,8,8
3015,63741.png,8,8
3016,52974.png,1,1
3017,68903.png,1,1
3018,12704.png,0,0
3019,69710.png,0,0
3020,51249.png,0,0
3021,16398.png,1,1
3022,48213.png,3,3
3023,01568.png,0,0
3024,15280.png,0,0
3025,07591.png,1,1
3026,47593.png,0,1
3027,74520.png,1,1
3028,92876.png,8,9
3029,83972.png,3,1
3030,69304.png,0,0
3031,40897.png,4,5
3032,09257.png,2,2
3033,21048.png,2,2
3034,79461.png,0,0
3035,70318.png,0,1
